#frame,fps
1,24.59423354
2,23.64178757
3,25.08879558
4,25.09564963
5,23.43141169
