#frame,fps
1,156.3178428
2,155.2827803
3,157.9828077
4,145.1747575
5,154.254159
