#frame,fps
1,100.095834
2,91.37389246
3,100.8704934
4,95.18810581
5,90.81447793
