#frame,fps
1,75.57410598
2,72.50326489
3,75.37151749
4,75.35344062
5,75.12655418
