#frame,fps
1,59.0649956
2,58.61313123
3,59.55825627
4,59.79971889
5,59.1183164
