#frame,fps
1,45.07073882
2,47.07592148
3,49.43641302
4,46.72180361
5,48.79554883
