#frame,fps
1,40.0438195
2,41.10746008
3,40.88899857
4,41.02271802
5,38.81626173
